Crypto,53578
Ion,52688
Change,51086
Xc,50908
Ins,50552
Bitcoin,49840
Ark,49662
Can,49306
Kin,48416
Tio,46992
Itt,45746
Ethereum,45212
Dai,41296
Lockchain,40584
Ace,30438
Tokens,23674
Rex,15130
Centra,14952
Delta,13528
Decent,13350
Ecoin,12638
Xp,11748
Read,6942
Money,6942
Dent,6052
Data,6052
Round,5518
Ico,5162
People,5162
Ucoin,4984
Real,4450
Ebit,4272
Ink,4094
Game,3916
Rise,3560
Divi,3382
Bec,3360
C20,3026
Erc20,3026
Litecoin,2848
Zero,2848
Version,2670
Social,2314
Tron,2314
Cif,2262
Bancor,2136
Purpose,2136
Coss,1958
Aces,1958
Alis,1958
Pac,1782
Neo,1780
Innova,1602
Altcoin,1602
Node,1602
Force,1246
Incent,1246
Embers,1246
Icos,1246
Creatio,1246
Coino,1068
Cobinhood,1068
Nxt,1068
Shift,1068
Verify,1068
Bitbay,1068
Life,890
Eos,890
Ripple,890
Lizi,890
Cloud,890
Shield,890
Quark,890
Uro,890
Aeon,712
Waves,712
Usc,712
Hempcoin,712
Voice,712
Putin,712
Heat,712
Latoken,712
Visio,712
Lisk,712
Coolcoin,712
Lif,645
Rock,535
1337,534
Cryptonex,534
Equal,534
Guess,534
Verge,534
Presearch,534
Minexcoin,534
MoonCoin,534
Spectrecoin,534
Iota,534
Hyper,534
Bat,534
Cardano,534
Vertcoin,534
Namecoin,534
Augur,534
Pure,534
Ubiq,534
Utrust,534
Fusion,534
Aware,534
Zcash,534
Eidoo,356
Groestlcoin,356
Tether,356
Firstblood,356
Neoscoin,356
Trustcoin,356
Enjin,356
Garlicoin,356
Ixledger,356
Synereo,356
Vechain,356
Zilla,356
Bean,356
Dimecoin,356
Universa,356
Asch,356
Crown,356
Dynamic,356
Ethos,356
Flip,356
Thekey,356
Cabbage,356
Everex,356
Skycoin,356
Wagerr,356
Dash,356
Electra,356
Maker,356
Steem,356
Hive,356
Blocknet,356
Digibyte,356
Tierion,356
Bolivarcoin,356
Sola,356
Cofoundit,356
Gems,356
Jincoin,356
Omni,356
Taas,356
Zilliqa,356
Bitconnect,356
Roofs,356
Crypterium,356
Filecoin,356
Wings,356
Salt,356
Status,356
Bitmark,356
Metaverse,356
Zeusshield,356
Blockv,356
Pivx,356
Voxels,356
Feathercoin,356
Particl,356
Medishares,356
Storm,356
Hedge,356
Monetaryunit,356
Santiment,356
Vibe,356
Nano,356
Siberian,178
Wabi,178
Goldmint,178
Tokyo,178
Carbon,178
Darcrus,178
Lomocoin,178
Nimiq,178
Solarcoin,178
Amber,178
Telcoin,178
Aion,178
Nem,178
Blackmooncrypto,178
Diamond,178
Mktcoin,178
Oxycoin,178
Blocksafe,178
Elcoin,178
Monero,178
Decred,178
Syscoin,178
Augmentors,178
Locicoin,178
Worldcore,178
Cometcoin,178
Gcoin,178
Sequence,178
Storj,178
Metal,178
Adshares,178
Bitshares,178
Melonport,178
Clam,178
Request,178
Brother,178
Populous,178
Trinity,178
Civic,178
Ripio,178
Kcash,178
Zcoin,178
Adbank,178
Mercury,178
Novacoin,178
Stox,178
Atmchain,178
Dew,178
Bitcore,178
Publica,178
Bread,178
Domraider,178
Ethereumblue,178
Monetha,178
Phore,178
Shekel,178
Tokencard,178
Gxshares,178
Walton,178
Fortuna,178
Unobtanium,178
Yee,178
Ambercoin,178
Cybermiles,178
Tenx,178
Airswap,178
Nexus,178
Airtoken,178
Colossuscoinxt,178
Mobilego,178
Paypie,178
eMark,178
Eternity,178
Timenewbank,178
Edgeless,178
Florincoin,178
Newyorkcoin,178
Counterparty,178
Gridplus,178
Shieldcoin,178
Swarm,178
Aeternity,178
Neblio,178
Adtoken,178
Bitz,178
Devery,178
Mintcoin,178
Elastic,178
Mobius,178
Cloakcoin,178
Astro,178
Burst,178
Potcoin,178
Smartcoin,178
Coindash,178
Maidsafecoin,178
Adex,178
Encrypgen,178
Gamecredits,178
Numeraire,178
Syndicate,178
Valuechain,178
Digitalnote,178
Iotchain,178
Trumpcoin,178
Qtum,178
Breakout,178
Dubaicoin,178
Ethlend,178
Horizon,178
Chainlink,178
Sonm,178
Hshare,178
Zclassic,178
Electroneum,178
Gambit,178
Nolimitcoin,178
Appcoins,178
Delphy,178
Htmlcoin,178
Tezos,178
Ardor,178
Okcash,178
Boolberry,178
Leocoin,178
Bridgecoin,178
Enigma,178
Xplay,122
Credits,107
Vaperscoin,103
Bitcoinwhite,102
Paccoin,97
Argo,97
Sureremit,92
Tune,50
Uscoin,43
Betterbetting,43
